--Tabla: Insertar a InformacionGeneral
INSERT INTO "Estudiantes"."InformacionGeneral" (primer_nombre, segundo_nombre, primer_apellido, segundo_apellido, nacionalidad, identidad, genero, fecha_nacimiento, edad, direccion, tipo_persona) VALUES
('Luis', 'Alberto', 'Pérez', 'Gómez', 'Hondureña', '0801-2015-12345', 'Masculino', '2015-03-15', 10, 'Col. Kennedy, Calle 5, Casa #23', 'Estudiante'),
('María', 'Fernanda', 'López', 'Hernández', 'Hondureña', '0801-2014-23456', 'Femenino', '2014-07-22', 11, 'Res. Las Hadas, Bloque 7, Casa #12', 'Estudiante'),
('Carlos', 'Eduardo', 'Martínez', 'Flores', 'Hondureña', '0801-2013-34567', 'Masculino', '2013-11-05', 12, 'Col. Miraflores, Calle Principal, Casa #45','Estudiante'),
('Andrea', 'Sofía', 'Mendoza', 'Paz', 'Hondureña', '0801-2014-45678', 'Femenino', '2014-02-18', 11, 'Res. Plaza, Calle 3, Casa #78', 'Estudiante'),
('José', 'Miguel', 'Sánchez', 'Rivera', 'Hondureña', '0801-2015-56789', 'Masculino', '2015-05-30', 10, 'Col. Palmira, Avenida 2, Casa #56', 'Estudiante'),
('Laura', 'Isabel', 'Castillo', 'Díaz', 'Hondureña', '0801-2013-67890', 'Femenino', '2013-08-11', 12, 'Col. El Prado, Calle 8, Casa #34', 'Estudiante'),
('Gabriel', 'Antonio', 'Reyes', 'Morales', 'Hondureña', '0801-2015-78901', 'Masculino', '2015-01-25', 10, 'Res. El Trapiche, Bloque 5, Casa #67', 'Estudiante'),
('Valeria', 'Alejandra', 'Navarro', 'Cruz', 'Hondureña', '0801-2014-89012', 'Femenino', '2014-09-03', 11, 'Col. La Campaña, Calle 12, Casa #89', 'Estudiante'),
('Santiago', 'José', 'Vargas', 'Medina', 'Hondureña', '0801-2013-90123', 'Masculino', '2013-12-17', 12, 'Res. Honduras, Bloque 9, Casa #43', 'Estudiante'),
('Isabella', 'Gabriela', 'Zelaya', 'Torres', 'Hondureña', '0801-2015-01234', 'Femenino', '2015-06-09', 10, 'Col. Hato de Enmedio, Calle 4, Casa #21', 'Estudiante'),
('Roberto', 'Carlos', 'Pérez', 'Gómez', 'Hondureña', '0801-1980-12345', 'Masculino', '1980-05-12', 44, 'Col. Kennedy, Calle 5, Casa #23', 'Encargado'),
('Claudia', 'María', 'Hernández', 'López', 'Hondureña', '0801-1982-23456', 'Femenino', '1982-08-20', 41, 'Res. Las Hadas, Bloque 7, Casa #12', 'Encargado'),
('Manuel', 'Antonio', 'Martínez', 'Flores', 'Hondureña', '0801-1978-34567', 'Masculino', '1978-11-03', 45, 'Col. Miraflores, Calle Principal, Casa #45', 'Encargado'),
('Patricia', 'Elena', 'Mendoza', 'Paz', 'Hondureña', '0801-1983-45678', 'Femenino', '1983-04-15', 41, 'Res. Plaza, Calle 3, Casa #78', 'Encargado'),
('Jorge', 'Luis', 'Sánchez', 'Rivera', 'Hondureña', '0801-1979-56789', 'Masculino', '1979-07-25', 44, 'Col. Palmira, Avenida 2, Casa #56', 'Encargado'),
('Elena', 'Rocío', 'Castillo', 'Díaz', 'Hondureña', '0801-1981-67890', 'Femenino', '1981-12-10', 42, 'Col. El Prado, Calle 8, Casa #34', 'Encargado'),
('Francisco', 'Javier', 'Reyes', 'Morales', 'Hondureña', '0801-1980-78901', 'Masculino', '1980-03-30', 44, 'Res. El Trapiche, Bloque 5, Casa #67', 'Encargado'),
('Diana', 'Cecilia', 'Navarro', 'Cruz', 'Hondureña', '0801-1985-89012', 'Femenino', '1985-09-15', 38, 'Col. La Campaña, Calle 12, Casa #89', 'Encargado'),
('Carlos', 'Eduardo', 'Vargas', 'Medina', 'Hondureña', '0801-1977-90123', 'Masculino', '1977-06-05', 47, 'Res. Honduras, Bloque 9, Casa #43', 'Encargado'),
('Gabriela', 'Fernanda', 'Zelaya', 'Torres', 'Hondureña', '0801-1984-01234', 'Femenino', '1984-11-22', 39, 'Col. Hato de Enmedio, Calle 4, Casa #21', 'Encargado'),
('Ricardo', 'Andrés', 'López', 'Guzmán', 'Hondureña', '0801-1976-56789', 'Masculino', '1976-01-17', 48, 'Col. San Miguel, Calle 6, Casa #77', 'Encargado'),
('María', 'Isabel', 'Rodríguez', 'Hernández', 'Hondureña', '0801-1980-67890', 'Femenino', '1980-08-29', 43, 'Res. Villas del Sol, Bloque 3, Casa #12', 'Encargado'),
('Samuel', 'José', 'Mejía', 'Pineda', 'Hondureña', '0801-1975-78901', 'Masculino', '1975-12-03', 49, 'Col. Alameda, Calle 9, Casa #101', 'Encargado'),
('Ana', 'Lucía', 'Cruz', 'Mendoza', 'Hondureña', '0801-1982-89012', 'Femenino', '1982-05-07', 42, 'Col. Satélite, Avenida 5, Casa #88', 'Encargado'),
('Pedro', 'Ramón', 'González', 'Velásquez', 'Hondureña', '0801-1978-90123', 'Masculino', '1978-09-18', 45, 'Res. San Francisco, Calle 4, Casa #23', 'Encargado'),
('Verónica', 'Alejandra', 'Ramírez', 'Ortiz', 'Hondureña', '0801-1986-01234', 'Femenino', '1986-02-11', 38, 'Col. Buenos Aires, Bloque 10, Casa #56', 'Encargado'),
('Luis', 'Felipe', 'Herrera', 'Castañeda', 'Hondureña', '0801-1979-12345', 'Masculino', '1979-04-24', 44, 'Col. El Bosque, Calle 7, Casa #91', 'Encargado'),
('Cristina', 'Estefanía', 'Pineda', 'Ruiz', 'Hondureña', '0801-1983-23456', 'Femenino', '1983-10-30', 40, 'Res. Lomas del Mayab, Bloque 2, Casa #34', 'Encargado');

--Tabla: Insertar a Encargados
INSERT INTO "Estudiantes"."Encargados" (numero_encargado, id_info_general, correo_electronico, telefono) VALUES
(1001, 22, 'roberto.perez@gmail.com', '9876-5432'),
(1002, 23, 'claudia.hernandez@gmail.com', '9865-4321'),
(1003, 24, 'manuel.martinez@gmail.com', '9854-3210'),
(1004, 25, 'patricia.paz@gmail.com', '9843-2109'),
(1005, 26, 'jorge.sanchez@gmail.com', '9832-1098'),
(1006, 27, 'elena.diaz@gmail.com', '9821-0987'),
(1007, 28, 'francisco.reyes@gmail.com', '9810-9876'),
(1008, 29, 'diana.cruz@gmail.com', '9809-8765'),
(1009, 30, 'ricardo.medina@gmail.com', '9798-7654'),
(1010, 31, 'beatriz.torres@gmail.com', '9787-6543');

--Tabla: Insertar a Estudiantes
INSERT INTO "Estudiantes"."Estudiantes" (numero_estudiante, id_info_general, id_grado, es_zurdo, dif_educacion_fisica, reaccion_alergica, descripcion_alergica, fecha_admision) VALUES
(2001, 12, 11, false, false, true, 'Alergia a las nueces y maní', '2023-01-15'),
(2002, 13, 13, true, false, false, NULL, '2022-01-20'),
(2003, 14, 15, false, true, false, NULL, '2022-01-05'),
(2004, 15, 12, false, false, false, NULL, '2023-01-10'),
(2005, 16, 11, true, false, true, 'Alergia al polen', '2023-01-18'),
(2006, 17, 15, false, false, false, NULL, '2022-01-25'),
(2007, 18, 14, false, false, true, 'Alergia a medicamentos con penicilina', '2023-01-12'),
(2008, 19, 13, true, true, false, NULL, '2022-01-08'),
(2009, 20, 15, false, false, false, NULL, '2022-01-15'),
(2010, 21, 11, false, false, true, 'Alergia a picaduras de insectos', '2023-01-22');

--Tabla: Insertar a EstudianteEncargado
INSERT INTO "Estudiantes"."EstudianteEncargado" (id_estudiante, id_encargado, parentesco) VALUES
(44, 44, 'Padre'),
(45, 45, 'Madre'),
(46, 46, 'Padre'),
(47, 47, 'Madre'),
(48, 48, 'Padre'),
(49, 49, 'Madre'),
(50, 50, 'Padre'),
(51, 51, 'Madre'),
(52, 52, 'Padre'),
(53, 53, 'Madre');

/*PAGOS*/
--Tabla: Insertar a Becas
INSERT INTO "Pagos"."Becas" (nombre_beca, descuento, estado, id_autorizado_por) VALUES
('Beca Excelencia Académica', 50, 'Activa', 5),
('Beca Deportiva', 40, 'Activa', 8),
('Beca Socioeconómica', 75, 'Activa', 5),
('Beca Artística', 35, 'Activa', 7),
('Beca Hermanos', 25, 'Activa', 6),
('Beca Hijos de Empleados', 60, 'Activa', 6),
('Beca por Discapacidad', 80, 'Activa', 5),
('Beca Talento Científico', 45, 'Activa', 6),
('Beca Liderazgo', 30, 'Inactiva', 7),
('Beca Movilidad', 50, 'Inactiva', 8);

--Tabla: Plan Pagos
INSERT INTO "Pagos"."PlanPagoMatricula" (tipo, vencimiento, tarifa, estado, id_grado) VALUES
('Normal', '2025-01-31', 5000.00, 'Pendiente', 11),
('Temprana', '2024-12-15', 4500.00, 'Pagado', 12),
('Normal', '2025-01-31', 5500.00, 'Pendiente', 13),
('Tardía', '2025-02-15', 6000.00, 'Pendiente', 14),
('Normal', '2025-01-31', 5800.00, 'Pagado', 15),
('Temprana', '2024-12-15', 5200.00, 'Pagado', 16),
('Normal', '2025-01-31', 6200.00, 'Pendiente', 17),
('Tardía', '2025-02-15', 6800.00, 'Pendiente', 18),
('Normal', '2025-01-31', 6500.00, 'Pagado', 19),
('Temprana', '2024-12-15', 5800.00, 'Pagado', 20);

--tabla: Plan pago mensualidad
INSERT INTO "Pagos"."PlanPagoMensualidad" (tarifa, periodo, id_grado, estado) VALUES
(2000.00, 1, 1, 'Pendiente'),
(2000.00, 2, 1, 'Pendiente'),
(2200.00, 1, 3, 'Pagado'),
(2200.00, 2, 3, 'Pendiente'),
(2500.00, 1, 5, 'Pagado'),
(2500.00, 2, 5, 'Pagado'),
(2300.00, 1, 7, 'Pendiente'),
(2300.00, 2, 7, 'Pendiente'),
(2700.00, 1, 9, 'Pagado'),
(2700.00, 2, 9, 'Pendiente');

--Tabla: Insertar a Pago Nivelado
INSERT INTO "Pagos"."PlanPagoNivelado" (id_grado, monto_total, cuotas, fecha_inicio, fecha_fin, estado) VALUES
(11, 18000.00, 1800.00, '2025-02-01', '2025-11-30', 'Pendiente'),
(12, 19000.00, 1900.00, '2025-02-01', '2025-11-30', 'Pendiente'),
(13, 20000.00, 2000.00, '2025-02-01', '2025-11-30', 'Pendiente'),
(14, 21000.00, 2100.00, '2025-02-01', '2025-11-30', 'Pendiente'),
(15, 22000.00, 2200.00, '2025-02-01', '2025-11-30', 'Pendiente'),
(16, 23000.00, 2300.00, '2025-02-01', '2025-11-30', 'Pendiente'),
(17, 24000.00, 2400.00, '2025-02-01', '2025-11-30', 'Pendiente'),
(18, 25000.00, 2500.00, '2025-02-01', '2025-11-30', 'Pendiente'),
(19, 26000.00, 2600.00, '2025-02-01', '2025-11-30', 'Pendiente'),
(20, 27000.00, 2700.00, '2025-02-01', '2025-11-30', 'Pendiente');

--Tabla: Matricula
INSERT INTO "Pagos"."Matricula" (id_estudiante, id_plan_matricula, decha_matricula, year_academico, estado) VALUES
(44, 11, '2025-01-10', 2025, 'Pagado'),
(45, 12, '2024-12-12', 2025, 'Pagado'),
(46, 13, '2025-01-15', 2025, 'Pagado'),
(47, 14, '2025-02-05', 2025, 'Pendiente'),
(48, 15, '2025-01-20', 2025, 'Pagado'),
(49, 16, '2024-12-10', 2025, 'Pagado'),
(50, 17, '2025-01-25', 2025, 'Pendiente'),
(51, 18, '2025-02-10', 2025, 'Pendiente'),
(52, 19, '2025-01-18', 2025, 'Pagado'),
(53, 20, '2024-12-05', 2025, 'Pagado')

--Tabla: Mensualidad
INSERT INTO "Pagos"."Mensualidad" (id_plan_mensualidad, recargo, id_beca, fecha_inicio, fecha_vencimiento, estado, id_estudiante, subtotal, total) VALUES
(11, 0.00, NULL, '2025-02-01', '2025-02-10', 'Pendiente', 44, 2000.00, 2000.00),
(12, 0.00, 33, '2025-03-01', '2025-03-10', 'Pendiente', 45, 2000.00, 1000.00),
(13, 0.00, NULL, '2025-02-01', '2025-02-10', 'Pagado', 46, 2200.00, 2200.00),
(14, 0.00, 40, '2025-03-01', '2025-03-10', 'Pendiente', 47, 2200.00, 1320.00),
(15, 0.00, 35, '2025-02-01', '2025-02-10', 'Pagado', 48, 2500.00, 625.00),
(16, 0.00, NULL, '2025-03-01', '2025-03-10', 'Pagado', 49, 2500.00, 2500.00),
(17, 150.00, NULL, '2025-02-01', '2025-02-10', 'Pendiente', 50, 2300.00, 2450.00),
(18, 0.00, 35, '2025-03-01', '2025-03-10', 'Pendiente', 51, 2300.00, 1725.00),
(19, 0.00, 37, '2025-02-01', '2025-02-10', 'Pagado', 52, 2700.00, 540.00),
(20, 0.00, NULL, '2025-03-01', '2025-03-10', 'Pendiente', 53, 2700.00, 2700.00);

--Tabla: Nivelado
INSERT INTO "Pagos"."Nivelado" (id_estudiante, id_plan_nivelado, monto_pagado, fecha_pago, recargo, saldo_restante, id_beca, estado) VALUES
(44, 11, 1800.00, '2025-02-05', 0.00, 16200.00, NULL, 'Pendiente'),
(45, 12, 1900.00, '2025-02-08', 0.00, 17100.00, 33, 'Pendiente'),
(46, 13, 2000.00, '2025-02-07', 0.00, 18000.00, NULL, 'Pendiente'),
(47, 14, 2100.00, '2025-02-10', 0.00, 18900.00, 31, 'Pendiente'),
(48, 15, 2200.00, '2025-02-06', 0.00, 19800.00, NULL, 'Pendiente'),
(49, 16, 2300.00, '2025-02-09', 0.00, 20700.00, 40, 'Pendiente'),
(50, 17, 2400.00, '2025-02-03', 0.00, 21600.00, NULL, 'Pendiente'),
(51, 18, 2500.00, '2025-02-12', 0.00, 22500.00, 32, 'Pendiente'),
(52, 19, 2600.00, '2025-02-04', 0.00, 23400.00, NULL, 'Pendiente'),
(53, 20, 2700.00, '2025-02-11', 0.00, 24300.00, 37, 'Pendiente');


--Tabla: plan detallado
INSERT INTO "Pagos"."PlanPagoDetallado" (id_estudiante, tipo_pago, id_plan_matricula, id_plan_mensualidad, id_plan_nivelado, descripcion, periodicidad, id_usuario) VALUES
(44, 'Normal', 11, 11, NULL, 'Plan de pago de matrícula y mensualidad estándar', 'Mensual', 5),
(45, 'Normal', 12, 12, NULL, 'Plan de pago con descuento por matrícula temprana', 'Mensual', 5),
(46, 'Normal', 13, 13, NULL, 'Plan de pago con beca socioeconómica', 'Mensual', 6),
(47, 'Normal', 14, 14, NULL, 'Plan de pago con recargo por matrícula tardía', 'Mensual', 7),
(48, 'Normal', 15, 15, NULL, 'Plan de pago con beca por discapacidad', 'Mensual', 8),
(49, 'Nivelado', 16, NULL, 11, 'Plan de pago nivelado estándar', 'Mensual', 7),
(50, 'Nivelado', 17, NULL, 12, 'Plan de pago nivelado con beca artística', 'Mensual', 6),
(51, 'Nivelado', 18, NULL, 13, 'Plan de pago nivelado estándar', 'Mensual', 5),
(52, 'Nivelado', 19, NULL, 14, 'Plan de pago nivelado con beca hijos de empleados', 'Mensual', 7),
(53, 'Nivelado', 20, NULL, 15, 'Plan de pago nivelado estándar', 'Mensual', 8);